9a1081d7-3131-46db-b3e4-1e852886cbc3, TASK, Task 1, NEW, Task description
1, TASK, Task2, NEW, Description task1,
46b436e2-2fa8-44cc-bf05-6d013b9c852c, TASK, Task 1, NEW, Task description
5247481a-2000-4e78-83df-a2b72baeea7d, TASK, Task 1, NEW, Task description
c8a19dd9-9005-44fe-a7eb-62815d0beffb, TASK, Task 1, NEW, Task description
5bdaa21f-f339-46a4-9c0c-c750116dabfa, TASK, Task 3, NEW, Task description
ad88826c-4d17-4e96-8d39-8ff135952a64, TASK, Task 1, NEW, Task description
2, EPIC, Epic2, DONE, Description epic2,
3, SUBTASK, Sub Task2, DONE, Description sub task3, 2

